{"episode_time": 95.09559210704174, "_timestamp": 1653085556, "_runtime": 719484, "_step": 3806, "examples_in_mem": 105578, "graph": {"_type": "graph-file", "sha256": "d57578ee21318965c8dd4aaa85ed5c871414532af74ab95660f7802e16061230", "size": 3045, "path": "media/graph/graph_summary_d57578ee21318965c8dd.graph.json"}, "epoch": 9, "loss": 1.3909261226654053, "pi_loss": 0.931205689907074, "v_loss": 0.45972245931625366, "Random Agent": 4, "current network": 16}