{"graph": {"_type": "graph-file", "path": "media/graph/graph_summary_d57578ee21318965c8dd.graph.json", "sha256": "d57578ee21318965c8dd4aaa85ed5c871414532af74ab95660f7802e16061230", "size": 3045}, "epoch": 9, "loss": 2.1870009899139404, "pi_loss": 1.8806309700012207, "v_loss": 0.30636993050575256, "_runtime": 4004, "_timestamp": 1652127635, "_step": 10, "Agent": 0, "Random Agent": 0, "_wandb": {"runtime": 4002}}