{"episode_time": 106.86768442299217, "_timestamp": 1652365774, "_runtime": 190564, "_step": 1632, "graph": {"_type": "graph-file", "sha256": "d57578ee21318965c8dd4aaa85ed5c871414532af74ab95660f7802e16061230", "size": 3045, "path": "media/graph/graph_summary_d57578ee21318965c8dd.graph.json"}, "epoch": 9, "loss": 1.390519618988037, "pi_loss": 0.9234545230865479, "v_loss": 0.4670655131340027, "Agent": 5, "Random Agent": 15}