{"episode_time": 46.84589017399412, "_timestamp": 1652173246, "_runtime": 34961, "_step": 442, "graph": {"_type": "graph-file", "sha256": "d57578ee21318965c8dd4aaa85ed5c871414532af74ab95660f7802e16061230", "size": 3045, "path": "media/graph/graph_summary_d57578ee21318965c8dd.graph.json"}, "epoch": 9, "loss": 1.5529286861419678, "pi_loss": 1.07582688331604, "v_loss": 0.4771018624305725, "Agent": 0, "Random Agent": 0}